question,generated_answer,expected_answer,retrieval_metric,llm_eval,Correctness,Completeness,Clarity,Conciseness,Relevance,perplexity_gen,perplexity_exp,rouge-1_gen,rouge-2_gen,rouge-l_gen,rouge-1_exp,rouge-2_exp,rouge-l_exp
"In comparing Nvidia and AMD, what could be the potential advantages and disadvantages of each company's product offerings in the chip industry?","
The response provides a comparison of the potential advantages and disadvantages of NVIDIA and AMD in the chip industry. It discusses NVIDIA's strengths in GPUs for various applications, revenue growth, and a bullish view from analysts. Additionally, it highlights AMD's focus on processors and AI products, along with its expected sales growth. The comparison of valuations and market positions between the two companies is well-detailed. However, the response lacks depth in terms of specific financial data or market share comparisons that could further enhance the analysis. To improve, consider including more quantitative data to support the advantages and disadvantages discussed.
","The competitive dynamics between the two companies, with Nvidia's AI and gaming chips highlighted as significant strengths, suggests Nvidia's advantage lies in its specialization and leading performance in these high-demand sectors. The potential disadvantage for Nvidia could be its heavy reliance on these sectors, which might limit diversification. For AMD, having a broader product portfolio, including CPUs and GPUs, presents a diversified risk profile, which could be an advantage in navigating market fluctuations. However, this diversification might also dilute AMD's focus and resources, potentially impacting its ability to compete in specific high-growth areas dominated by Nvidia.",0.6460825255462539," ### Evaluation Summary:
The generated answer focuses on the competitive dynamics between Nvidia and AMD, emphasizing their specializations and diversification strategies. However, it lacks specific financial data or market share comparisons.

### Evaluation Details:

#### Correctness:
The answer accurately identifies the companies' focus areas and their respective strengths and weaknesses. However, it lacks specific financial data to support the claims, leading to a score of 4.

#### Completeness:
The answer covers the main aspects of the comparison but misses the opportunity to include specific financial data or market share comparisons. This results in a score of 4.

#### Clarity:
The answer is generally clear and easy to understand, with a score of 5.

#### Conciseness:
The answer is concise and avoids unnecessary details, with a score of 5.

#### Relevance:
The answer directly addresses the input question, but it could benefit from more specific comparisons, leading to a score of 4.

### Recommendations for Improvement:
To improve the answer, consider incorporating specific financial data, such as revenue growth rates, market share, or P/E ratios, to support the claims made about the companies' strengths and weaknesses. This would help to increase the relevance and correctness of the answer.

### Final Scores:

1) **Correctness:** 4
2) **Completeness:** 4
3) **Clarity:** 5
4) **Conciseness:** 5
5) **Relevance:** 4",4,4,5,5,4,1.0294886827468872,1.0293413400650024,0.2709677369356921,0.031413607566679345,0.24516128532278886,0.2709677369356921,0.031413607566679345,0.23225805951633727
In what ways might regulatory changes in key markets affect the business operations and global expansion plans of Nvidia and AMD?,"
Based on the information gathered, regulatory changes in key markets could impact the business operations and global expansion plans of NVIDIA and AMD in the following ways:

1. **Export Restrictions:** NVIDIA has warned about significantly lower sales to China and other countries due to export restrictions. This could affect their revenue and expansion plans in those regions. On the other hand, AMD is ramping up investments in AI to catch up with NVIDIA, and any export restrictions could hinder their progress.

2. **Valuation:** NVIDIA is trading at a relatively low valuation compared to AMD. Regulatory changes impacting the semiconductor industry could affect the valuation of both companies differently, influencing their expansion strategies and investor sentiment.

3. **AI Investments:** Both companies are heavily involved in AI technologies, and any regulatory changes affecting the AI sector could impact their research, development, and deployment plans.

4. **Market Competition:** Regulatory changes that favor one company over the other in key markets could significantly impact their competitive positions and expansion strategies.

In conclusion, regulatory changes in key markets could have varying effects on NVIDIA and AMD, influencing their revenue, valuation, AI investments, market competition, and global expansion plans. Both companies need to closely monitor and adapt to regulatory changes to mitigate risks and capitalize on opportunities in the evolving landscape of the semiconductor industry.
","Regulatory changes in significant markets like China can directly impact Nvidia's business operations and product strategies. The launch of a China-specific chip in response to tech restrictions showcases the need for strategic agility to navigate regulatory landscapes. Similar challenges could affect AMD, requiring both companies to adapt their global expansion plans and product offerings to comply with varying international regulations.",0.5964972382276906," ### Evaluation Summary:
The generated answer identifies the impact of regulatory changes on Nvidia and AMD's business operations, focusing on the example of China and the need for strategic adaptations. However, the answer lacks a comprehensive evaluation of the various factors affected by regulatory changes, such as AI investments, market competition, and valuation.

### Evaluation Details:

#### Correctness:
The answer correctly highlights the need for strategic adaptations due to regulatory changes in key markets like China. However, it does not cover other important aspects like AI investments, market competition, and valuation, which may also be affected by regulatory changes. (Score: 3)

#### Completeness:
The response is not comprehensive in addressing all critical aspects of the topic. It lacks a thorough examination of the various factors that could be influenced by regulatory changes in key markets. (Score: 2)

#### Clarity:
The answer is generally clear and easy to understand, but the lack of depth in addressing the various factors may lead to some confusion. (Score: 4)

#### Conciseness:
The answer is concise and to the point, without unnecessary details or repetition. (Score: 5)

#### Relevance:
The answer directly addresses the input question about regulatory changes affecting Nvidia and AMD's business operations and global expansion plans. However, it could be more relevant by including a broader range of factors affected by regulatory changes. (Score: 4)

### Recommendations for Improvement:
1. Expand the answer to include more factors that could be affected by regulatory changes, such as AI investments, market competition, and valuation.
2. Provide examples or further explanations of how regulatory changes in key markets could impact AI investments and market competition.
3. Ensure the answer is more comprehensive in addressing the various aspects of the input question.

### Final Scores:
1) **Correctness:** 3
2) **Completeness:** 2
3) **Clarity:** 4
4) **Conciseness:** 5
5) **Relevance:** 4",3,2,4,5,4,1.0097951889038086,1.0650510787963867,0.3276836115790483,0.0647773243416547,0.30508474152255105,0.3276836115790483,0.0647773243416547,0.29378530649430246
"From an investment standpoint, what are the key risk factors that could influence the stock performance of Nvidia and AMD?","
Based on the information gathered, there are several key risk factors that could influence the stock performance of NVIDIA and AMD:

1. **Valuation**: NVIDIA is currently trading at a P/E ratio of around 64.3, which is relatively lower compared to its industry average. On the other hand, AMD has a significantly higher P/E ratio of 1,120, indicating a higher valuation. This could pose a risk for AMD if the market sentiment changes regarding its valuation.

2. **Competition in AI**: AMD is playing catch-up to NVIDIA in the artificial intelligence (AI) sector. While AMD is making progress in its AI capabilities, it still lags behind NVIDIA. This competitive disadvantage could impact AMD's stock performance if it fails to bridge the gap with NVIDIA in the AI market.

3. **Export Restrictions**: NVIDIA issued a warning about lower sales to China and other countries due to export restrictions. Any further escalation of trade tensions or restrictions could negatively affect NVIDIA's stock performance.

4. **Earnings Growth**: Both companies have reported strong earnings growth, but AMD's profitability is still lower compared to NVIDIA. If AMD fails to improve its profitability and catch up with NVIDIA in terms of earnings growth, it could impact its stock performance.

5. **Market Sentiment**: Overall market sentiment towards semiconductor stocks and the technology sector as a whole could also influence the stock performance of both NVIDIA and AMD. Any shifts in investor sentiment or broader market trends could impact their stock prices.

In conclusion, while NVIDIA currently presents a more bullish outlook due to its lower valuation and strong earnings growth, AMD faces challenges in catching up to NVIDIA in the AI sector and improving its profitability. Investors should consider these risk factors when evaluating the stock performance of NVIDIA and AMD.

","The volatile nature of stock performance influenced by market sentiment, technological innovation pace, and financial forecasts. For Nvidia, maintaining its rapid growth, particularly in AI, poses a risk if market dynamics shift or if competition intensifies. For AMD, diversifying its product offerings and breaking into new markets like AI chips are crucial to mitigating risks related to over-reliance on specific sectors.",0.6858512081106064," ### Evaluation Summary:
The generated answer provides a general overview of the risk factors for Nvidia and AMD but lacks specificity and detail, particularly in relation to the input question.

### Evaluation Details:

#### Correctness:
The generated answer briefly touches upon the risk factors but does not provide concrete examples or data, making it difficult to assess its accuracy. (Score: 3)

#### Completeness:
The answer does not address all critical aspects of the topic, such as the influence of valuation, competition in AI, export restrictions, earnings growth, and market sentiment. (Score: 2)

#### Clarity:
The answer is somewhat ambiguous and lacks clear examples or explanations, making it less straightforward for the reader to understand. (Score: 3)

#### Conciseness:
The answer is relatively concise but could benefit from being more direct and to the point. (Score: 4)

#### Relevance:
The answer lacks focus on the input question, which specifically asks about risk factors from an investment standpoint. The generated answer discusses risk factors in a more general context. (Score: 2)

### Recommendations for Improvement:
1. Incorporate specific examples and data points to enhance the correctness of the answer.
2. Address all critical aspects of the topic, ensuring completeness.
3. Improve clarity by providing clear explanations and examples.
4. Ensure conciseness by focusing on the most relevant information.
5. Address the input question directly, focusing on risk factors from an investment standpoint.

### Final Scores:
1) **Correctness:** 3
2) **Completeness:** 2
3) **Clarity:** 3
4) **Conciseness:** 4
5) **Relevance:** 2",3,2,3,4,2,1.006515383720398,1.053127408027649,0.1495327064612631,0.01273885041178216,0.14018691206873976,0.1495327064612631,0.01273885041178216,0.13084111767621637
How could competitive dynamics between Nvidia and AMD evolve?,"
The competitive dynamics between Nvidia and AMD have evolved over the years with both companies making significant strides in the semiconductor industry. NVIDIA has shown strong performance with a year-to-date gain of 240% and a relatively low P/E ratio of around 64.3, indicating a bullish view. On the other hand, AMD has gained 93% year-to-date but has a much higher P/E ratio of 1,120, making it barely profitable and leading to a bearish view. 

NVIDIA has been excelling in areas like artificial intelligence, gaming, and autonomous vehicles, while AMD is working on catching up in the AI sector. AMD's recent launch of the Instinct MI300X processor, boasting 192GB of memory and advanced architecture, indicates its ambition to compete with NVIDIA in the AI space. However, AMD's current valuation and profitability pose challenges compared to NVIDIA's more favorable position.

In conclusion, the competitive dynamics are leaning towards a bullish outlook for NVIDIA due to its strong performance and lower valuation, while a more cautious approach is warranted for AMD until it demonstrates improved earnings and profitability. The evolving landscape suggests that both companies are here to stay, with NVIDIA leading in certain areas and AMD making strides to compete, especially in AI technologies.
","
Nvidia demonstrates leadership in AI chip sales and gaming, reflecting its technological prowess. This is evident from its record sales in Q3, highlighting its dominance in high-growth markets. AMD's unveiling of an AI processor signifies its intention to directly challenge Nvidia's position, indicating a strategic shift towards AI and machine learning technologies.

AMD's strategic product launches like the Ryzenâ„¢ Z1 Series Processors and extended partnership with Samsung signal efforts to diversify and strengthen market presence. Such diversification could broaden competitive arenas beyond traditional domains, impacting Nvidia's market share.

Nvidia's strong financial performance, particularly its stock performance surge in 2023, reflects robust investor confidence driven by its market leadership and innovation track record. This financial strength likely enables Nvidia to invest heavily in R&D and market expansion, intensifying competition with AMD.

External pressures, such as supply chain challenges and regulatory changes, pose potential risks to both companies. How they navigate these challenges, through strategic supply chain innovations or regulatory compliance, will significantly influence their competitive dynamics. Agility and adaptability will be key competitive attributes in addressing these external pressures.",0.5959403015200847," ### Evaluation Summary:

The generated answer provides a high-level overview of the competitive dynamics between Nvidia and AMD, touching on their product offerings, financial performance, and strategic initiatives. However, it lacks specific details on the P/E ratios and earnings growth, which are crucial for understanding the valuation and growth prospects of both companies.

### Evaluation Details:

#### Correctness:
- The generated answer correctly identifies Nvidia's leadership in AI chip sales and gaming, as well as AMD's strategic shift towards AI and machine learning technologies. However, it fails to mention the P/E ratios and earnings growth, which are important factors in determining the companies' valuations and growth prospects. Score: 3

#### Completeness:
- The answer briefly discusses the companies' product offerings, financial performance, and strategic initiatives, but it does not provide a comprehensive analysis of all relevant aspects. For instance, it does not discuss the impact of export restrictions on Nvidia or the implications of AMD's higher P/E ratio. Score: 3

#### Clarity:
- The answer is generally clear and easy to understand, but some sentences are convoluted and could benefit from simplification. For example, ""Such diversification could broaden competitive arenas beyond traditional domains, impacting Nvidia's market share"" could be rephrased as ""This diversification might expand AMD's presence into new markets, potentially affecting Nvidia's market share."" Score: 4

#### Conciseness:
- The answer is relatively concise, but it could be further streamlined by removing redundant phrases and focusing on essential information. Score: 4

#### Relevance:
- The answer directly addresses the input question about the evolution of competitive dynamics between Nvidia and AMD. However, it occasionally deviates into tangential topics, such as supply chain challenges and regulatory changes, which are less relevant to the question at hand. Score: 4

### Recommendations for Improvement:

1) Include specific details about the companies' P/E ratios and earnings growth to provide a more accurate assessment of their valuations and growth prospects.
2) Ensure that the answer is comprehensive by addressing all relevant aspects of the competitive dynamics between Nvidia and AMD.
3) Simplify convoluted sentences to improve clarity and readability.
4) Remove redundant phrases and focus on essential information to enhance conciseness.
5) Stay focused on the input question and avoid tangential topics to maintain relevance.

### Final Scores:

1) **Correctness:** 3
2) **Completeness:** 3
3) **Clarity:** 4
4) **Conciseness:** 4
5) **Relevance:** 4",3,3,4,4,4,1.0118017196655273,1.0169878005981445,0.20610686523162997,0.021857918504584732,0.18320610187285138,0.20610686523162997,0.021857918504584732,0.18320610187285138
